0.004618045636919474,0.26749988070160846,0.9411235746028195
-0.01570355685593714,0.2649349113728785,0.9368467909795938
-0.011509336623121123,0.2573390794551802,0.9178517069593206
0.0005834479588956666,0.24365557355126863,0.9280565420139675
-0.01291841848611443,0.2366486938184933,0.9424776142055397
-0.02753213858864268,0.23357733569525008,0.9277428011304103
-0.01388716226692233,0.22318535695567443,0.915727075712776
-0.010369961835466375,0.2089569326750584,0.9306490324728341
-0.03042185725298443,0.20328757986692125,0.9290032688906661
-0.027955963992746136,0.2003318104902517,0.9084504889046621
-0.039779041499424364,0.21756554218178314,0.9077954860074113
-0.05547709412933419,0.20475720821621507,0.9126447091374781
-0.06468016004700923,0.21611242651057128,0.9275721701235635
-0.05190485143760505,0.22293766678444513,0.9425987071781405
-0.058757612841615486,0.2181765112708154,0.9617644222052605
-0.049086687711618435,0.23050597757200683,0.9755965422119097
-0.0508535442663874,0.2339020850308618,0.9961988602321594
-0.048029876314373464,0.2491487911265316,1.0102841746360651
-0.036019655122766434,0.25017808139363995,1.0274408471632142
-0.03982857953367022,0.237562395339028,1.0437718857862657
-0.028286217554385196,0.22854647310628176,1.0587433805805695
-0.0287871021228711,0.21666284911330305,1.0759495911419643
-0.013116570623097863,0.22340552599676713,1.0880809053061724
-0.002168665054763138,0.22715940814739774,1.0706820468338214
-0.0070564177670211755,0.21089442023667418,1.0583690932107117
-0.021427951924347453,0.2030178727915827,1.045269035265696
-0.02392136631472233,0.18691250743565138,1.0320368758960243
-0.0318199306639231,0.18383564508638084,1.0128106143826041
-0.04209081643089776,0.1667285105934777,1.006381678382697
-0.04549242811578005,0.15939688152509066,0.9870618450268123
-0.057728322574507086,0.143286011943132,0.98154661054744
-0.04545940275961614,0.13395084460080134,0.9673787327531245
-0.047517983293832916,0.11695929885447187,0.9552529228149438
-0.03271711950637587,0.105367398840941,0.9459783019589136
-0.03677923831453627,0.09193158310825872,0.9304178549796868
-0.026656966650299183,0.07429604291673308,0.9253374543564726
-0.027889913280418326,0.06628188982095864,0.9060616548088063
-0.020250047554501483,0.04871240034176084,0.8975576255966007
-0.027708273821516843,0.03723608907480363,0.8816944461858712
-0.044760366054146794,0.04947748775955799,0.8818815898708
-0.04825004535546616,0.04723726776643973,0.9024784036650226
-0.05145350490336502,0.06453154594427166,0.913905176897734
-0.05165165704034845,0.06645802505383282,0.9347661935412677
-0.0547009982594824,0.08473205546452728,0.9445361947397564
-0.05001690191023511,0.08887673766309744,0.9645165352189193
-0.05648436749233331,0.1064021933340767,0.9739232574996052
-0.047501470615750975,0.11316688712165004,0.9914982512048301
-0.04581167322536447,0.12974011168990338,1.0039322978005407
-0.028655000698215475,0.14139255818973473,1.0016920778074223
-0.022369174575018764,0.15688145023060648,1.0141646539853242
-0.006406919095797697,0.17002554198384096,1.0172580290126767
-0.004161194876652113,0.1834173239083047,1.0331707464576518
0.005173972465678553,0.20212618817515726,1.0328239802179309
0.012120305712153376,0.2160518800242708,1.0468102185533448
0.010546097068340539,0.2369073924417772,1.0465295030259518
0.025220363657169283,0.23753487420889144,1.0614514597860096
0.04457872659524532,0.24329779885949296,1.0562829915463585
0.05936307770462042,0.2573115583250436,1.0611212062243707
0.06535717984836929,0.26660269185915575,1.0431333955670967
0.08228267488237094,0.2788275778658281,1.044437897135571
0.07486297819754681,0.2963585377628347,1.035790758046655
0.08937762223158334,0.3100805732489375,1.0295269488275676
0.08499625831383853,0.32969763481029746,1.0236869650125837
0.09707253021777336,0.33968780504987894,1.0097998027456614
0.09520659759451269,0.35600783522087565,0.9967878124170825
0.08710988110832849,0.35051461764561265,0.9783651679036504
0.0828936439714032,0.3595910863646594,0.9600195825546007
0.06910005354694528,0.375024936145258,0.9568766694930024
0.05156909364993868,0.3687996565083618,0.947354358465743
0.039569880910386296,0.3844591795560804,0.9404410505754321
0.029238448657111143,0.3715572737480479,0.9276051954797275
0.009962649109444874,0.37673675043975374,0.9336488356577222
0.01045252522587614,0.39751520369287774,0.9321626946303465
0.00163475513011333,0.4090740783502447,0.9170315772812503
0.01035895338341174,0.4075439035146504,0.8980364932609772
0.01072773652724202,0.4284654666444847,0.8985814116376816
0.025457045376343943,0.42968740482254913,0.9134428219114392
0.03795163845835491,0.4138187211857925,0.9079661170142582
0.0521690542869163,0.4115729969666469,0.8928349996651621
0.05123333586227231,0.3963813331312503,0.8784854824119451
0.059825432690915094,0.38521325852182287,0.8939468533226802
0.058702570581342296,0.3850316190629214,0.9148739206785418
0.06749281954696852,0.4039276270147028,0.9169490138908406
0.05564772513618103,0.41900370210352567,0.9253594712605818
0.05123884008829962,0.43516961394575754,0.9127768105621338
0.05558167442385322,0.45082913699347615,0.9260034657057781
0.05431019821154286,0.4659877754727088,0.9115658808361239
0.034610573259773125,0.46021934659607994,0.9073881732813899
0.029508155732449703,0.45965241131526624,0.9276767504180825
0.03827088356793934,0.47827871219170903,0.9314141198906312
0.028082561191374443,0.4867772371778874,0.9152647207264814
0.010320423801220517,0.47756866703418505,0.9213909242948858
0.011619421143667475,0.48777350208883186,0.9396484420274983
0.012307449397082176,0.5070548058625255,0.9315572297673415
-0.00010458029451903457,0.5026294081365621,0.9152867376305907
-0.016132886486067914,0.4917640659586372,0.9233394203085563
-0.016540199212089414,0.49753249483526607,0.9435179129247027
-0.013501866445010094,0.5160927449993811,0.9525338351574489
0.00697385437661141,0.5177495170336036,0.956315238438216
0.02005739964354537,0.5336071922183055,0.9515650913766409
0.03643797630084258,0.5311027693758761,0.9388888588357285
0.04928483984860188,0.5365959869511391,0.9543997677807096
0.04008727815695415,0.5231271458622929,0.9674888172736708
0.0421678755952802,0.5071098481227987,0.9541795987396169
0.061471196273083055,0.5130819333624382,0.9487799530068182
0.06749832377299585,0.5131369756227114,0.9688153357462544
0.058774125519697434,0.49444462403394085,0.9722719896914098
0.06857164784832277,0.4869698850888435,0.9553850242395995
0.08676861909463479,0.49399327749970084,0.9629973688353796
0.08327893979331544,0.48454802563682375,0.9813539626364839
0.07632710232081329,0.46702807419187187,0.9721619051708635
0.09539924550546881,0.46461722319190674,0.9634542195956469
0.10664437927927868,0.44922740721952664,0.972585730574967
0.08908039402610819,0.43957299476761164,0.9789871454447373
0.08884371230693353,0.4189541640692798,0.9752938097804071
0.07014035226610829,0.41256375765156406,0.9684080230202329
0.06938076907433846,0.39322190739157,0.9763451169516248
0.05073795551981372,0.38379867243280225,0.9747433871776755
0.048398659458203735,0.3644953517549994,0.9825703965885211
0.030972279855716187,0.35853427496741447,0.9925660710541299
0.03489679301319364,0.33793746117319196,0.9919165723829064
0.040136816191200006,0.3381741428923666,1.012221662197681
0.022594847842138787,0.3477404877278446,1.0185074883208778
0.010034204047800001,0.33703476810471183,1.0056771374512004
0.01895105021205453,0.3197184730227706,1.013261960916844
0.012890897355977841,0.3248594201322853,1.0326093154028655
-0.006610575458808449,0.3305893194267229,1.0275839570399246
-0.009170040561511137,0.3123538185982197,1.0176378206085617
-0.0009357184246439937,0.29983720861209945,1.0322625491631443
-0.010628660458750303,0.31065301275577856,1.0473111031218307
-0.02818714148589348,0.30629916996817036,1.0368475694438999
-0.024091997321569174,0.28577391111230294,1.0368750905740365
-0.020591309568195177,0.2872875732698153,1.057416862107986
-0.0387607596843706,0.2971676589888504,1.060708389272322
-0.04883349331436183,0.28301078964658954,1.0490614469985178
-0.04168900793090357,0.2680337906262583,1.0617817133476488
-0.046912518430827985,0.27876152715350033,1.0789493943268524
-0.06526911223193221,0.2820035162835904,1.0695701931763033
-0.06771849281408855,0.26145624052361377,1.06649883505306
-0.06190603012924115,0.25830231900996076,1.0862700149431848
-0.04504108158153999,0.24797088675668563,1.079565867641912
-0.03087320378722447,0.2621607814551104,1.085648037402098
-0.016650283732635766,0.25342557474975735,1.0982802361347919
0.0037869075067945147,0.2536127184346862,1.1027606761210285
0.0074582262670153604,0.23822840668833345,1.089099187121226
0.017272261273722656,0.21987731711325656,1.0912898690800985
0.026392763800987935,0.20399212079841791,1.0810850340254516
0.017740120486044654,0.18471632125075163,1.0802153663131355
0.029651265609159958,0.16986041520302142,1.0890166237308163
0.03598662976660253,0.1536284526484618,1.077364177230985
0.03488028033511169,0.13525534616927562,1.0872387587239927
0.0334767026981457,0.11751522568323097,1.0762192982173029
0.03916256818436479,0.10147040681360012,1.0882075025048006
0.059852953821051685,0.10222448577934264,1.0863525783335946
0.06302338801278662,0.12192411073111237,1.0924622692239172
0.05350658121155448,0.13995045097057754,1.097311492353984
0.05795950006765442,0.1597601604428936,1.092132015662278
0.04978572441708778,0.17784704716865926,1.0986710361827314
0.058025550779982234,0.19516334225060047,1.0902880999431266
0.06223628369088021,0.20975504544901943,1.1049183327237369
0.0525763670129378,0.22814466460628757,1.1022102535182965
0.0569522267046553,0.24538940474987367,1.1134608915181339
0.03746176234192365,0.25044228424295123,1.1193339006892817
0.02295262253391443,0.2389384518458574,1.1290653723055792
0.005344603472525399,0.236868862859586,1.1181229709632718
-0.005328090794443446,0.2335608230171681,1.1358630914493164
-0.0019650086917523866,0.2506844701881532,1.1475595717573663
-0.0007540789657425126,0.26329465201673785,1.1309698345110313
-0.01388165804089501,0.27714328470146893,1.1217887854974653
-0.0321006461913163,0.2708794754823815,1.1136645478811447
-0.03571141846523665,0.2896653989136165,1.1052430820593486
-0.024895614321557544,0.2988189267970457,1.0899413337034056
-0.019044622054518928,0.3170764445296582,1.098005024833426
-0.008790248965626222,0.3335726099335291,1.0904807478540828
0.010777274561487879,0.326725352755546,1.086809429093862
0.01821348392439397,0.3453186282758249,1.0929851706965124
0.021422447698320135,0.3442012703922794,1.1136645478811447
0.012632198732693913,0.3584462073509774,1.126236200127538
0.026398268027015257,0.36824923390563,1.1387362974355761
0.04307056866376029,0.3564922071112796,1.1337494686548266
0.04893256938285355,0.36474304192622875,1.115370857949613
0.04850323975272277,0.38370510059033786,1.106459516011386
0.03650402701317038,0.38873596317930614,1.0900569224499792
0.0390414752117638,0.39773537273397047,1.0711003680118976
0.035166500088532206,0.4181065132610729,1.0683482549982388
0.01763554019152562,0.4181560512953188,1.056882952183336
0.0070288966368845865,0.4352741942402765,1.0510704894984886
-0.008850795451926716,0.4402445103429444,1.038372240053467
-0.00290072711639638,0.44988241011677743,1.0207532125400234
-0.015098091992932201,0.46041749873306337,1.0073944559717234
-0.001860428397233352,0.47391386095204613,0.9983895421910318
0.0013705522808020846,0.4756862217328424,0.9777872241707821
0.02132337162982842,0.4694169082877277,0.9792183229378846
0.03559582971866298,0.45959186482896575,0.991492746978803
0.04620247327330401,0.47069939295209273,1.0057541966155827
0.05802004655395492,0.4548086924112268,1.012568428437402
0.06788361959490807,0.4381088706443451,1.0043616274306715
0.057249454910130455,0.426010581836301,1.0177919389373264
0.04427599416374285,0.41084643913104096,1.0102566535059287
0.02549007073250785,0.4180129414186085,1.0040313738690325
0.009924119527253649,0.40394413969278475,1.0045873006977915
-0.008135246068375426,0.4074778528023226,0.9945200712938276
-0.025754273581819094,0.4006085787202302,1.0036020442389018
-0.039498325972031165,0.4158057467816542,0.9990995873485558
-0.054607426417018,0.40262312544622847,0.9925440541500207
-0.05237271064992705,0.3900955070080536,1.0092328674648476
-0.06465814314289996,0.39029365914503705,1.0262023963070677
-0.058185173334774444,0.39799957558328175,1.0445975196903632
-0.05766777608820659,0.3788613816862984,1.0531455827107874
-0.047661093170543185,0.37074264829600484,1.036638408854862
-0.0331959871707525,0.3857967064807185,1.038008961135664
-0.029893451554361936,0.38192173135748697,1.0583250594024933
-0.02590288768455667,0.362200089501608,1.0526116727861377
-0.01176253102037773,0.36799053528234604,1.0382731639849754
-0.0025154312944841474,0.3803585311657287,1.0523749910669629
-0.0019209748835338455,0.36384585308377587,1.0651558039023945
0.005939059883475701,0.35153840368669376,1.0502063260121999
0.019374875616157985,0.36706582530975673,1.0463203424369136
0.02631570463660549,0.3662236787275771,1.0660529927448472
0.03761588067068854,0.35113109096067224,1.075250554436495
0.03235384058857291,0.33096911102260784,1.073258024614606
0.03538666912962491,0.31768741361869046,1.089165237833554
0.03559582971866298,0.2969254730436484,1.0862700149431848
0.022082954821598246,0.2903589313930585,1.100867222367631
0.01871987271890719,0.27113266987963813,1.0930732383129493
0.0291944148488926,0.25579239194150394,1.08332525401857
0.01996382780108097,0.2568657160168309,1.0645283221352801
0.033091406876233465,0.26048749674280586,1.0485660666560592
0.02230862808871827,0.27696164524256744,1.041350026334246
0.023651659239383765,0.2848051673314951,1.0607579273065677
0.043593470136355464,0.2908102779272986,1.0580168227449636
0.049994885006125846,0.30710829119418603,1.069586705854385
0.053792800964975,0.3250410595911868,1.0595029637723392
0.059456649547084815,0.34477370989912043,1.0645778601695262
0.04872340879381548,0.3623762247344821,1.0609780963476605
0.04901513277326331,0.36514485042622286,1.0402106515465912
0.052647921951292934,0.3857251515423634,1.0416692714438303
0.06034833416351027,0.3967391078230259,1.0576920734093518
0.04870139188970621,0.41293804502142173,1.0512906585395816
0.03574444382140055,0.4173524342953304,1.03549352984118
0.018730881170961826,0.42733159608285726,1.0286132473070329
0.00039630427396686785,0.420049505048716,1.021666914060558
-0.012092784582016788,0.4290709315074896,1.0075320616224064
-0.03201808280090653,0.42858105539105834,1.0138288961976578
-0.04877845105408866,0.4411251865073152,1.0141976793414882
-0.045718101382900056,0.4443231418291867,1.034700921293246
-0.03419775630772431,0.44046467938403705,1.0517640219779307
-0.0359481001844113,0.4223007334938889,1.062078941553124
-0.03478120426661997,0.42024215295967215,1.0829234455185757
-0.04389620256785793,0.4018855591585679,1.0876295587719322
-0.0256937270955186,0.3914055128025552,1.087486448895222
-0.014514644034036536,0.4074007936379402,1.094972196292374
-0.02596893839688448,0.4072191541790387,1.1124976519633532
-0.022000391431188485,0.38689755168618206,1.1156625819290609
-0.0015026537054577075,0.3909871916244791,1.1146663170181164
-0.0037869075067945147,0.4075659204187597,1.1272269608124552
-0.012230390232699728,0.39575385136413616,1.1422204725108682
-0.031142910862563034,0.4047312440146912,1.1423030359012782
-0.04083585289666934,0.3909651747203698,1.1297754174631032
-0.045145661876059034,0.3722122766452987,1.1381143198944894
-0.03723058484877631,0.35446665193322674,1.1302763020315891
-0.05725495913615777,0.34903948507029153,1.1275572143740942
-0.06409671208811356,0.36655943651524353,1.118299106196146
-0.04846471017053155,0.36392841647418567,1.104643121422371
-0.04825554958149348,0.34406916896762374,1.0981316220320543
-0.04165047834871235,0.3355045932691176,1.0800282226282065
-0.05708432812931093,0.33770628368004457,1.0657942941215635
-0.06610025036205718,0.3216064225501406,1.0557600900737634
-0.0572329422320485,0.31166579034480496,1.0396161951356409
-0.0714228369304733,0.32018082800906533,1.0267803400399362
-0.0661387799442484,0.3398199064745346,1.031580025135757
-0.0461364225609762,0.3337047113581847,1.0321084308343795
-0.047760169239034894,0.3263675780637703,1.012617966471648
-0.05903282414298136,0.3428912645977778,1.0064697459991343
-0.043824647629502805,0.3554739252962258,1.0134380961497182
-0.029898955780389255,0.34432236336488037,1.0025782581978204
-0.04206329530076117,0.3433316026799632,0.9856142335816277
-0.04602633804042985,0.36380732350158473,0.9869022224720201
-0.025748769355791776,0.3682877634878212,0.9896543354856788
-0.017398858472350964,0.356811452220864,0.974231494157135
-0.033008843485823704,0.362409250090646,0.9614396728696488
-0.030796144622842022,0.3828684582341856,0.9652210761504161
-0.009880085719035108,0.38290698781637683,0.9645220394449466
-0.010656181588886891,0.36886570722068956,0.9489946178218837
0.004518969568427757,0.35771414528934414,0.9581371372532582
-0.0028016510479046634,0.34033179949507514,0.9490111304999655
0.016655787958663085,0.336049511645822,0.9425161437877309
0.024273636780470658,0.3383998161594866,0.9618965236299162
0.007727933342353923,0.3287949417418174,0.9703675274859579
0.011823077506678225,0.3120400777146626,0.958549954205307
0.031275012287218656,0.3112309564886469,0.9662283495134151
0.024576369211973124,0.3117098241530235,0.986071084341895
0.009615882869723863,0.29720618857104164,0.9840895629720607
0.023613129657192544,0.28574088575613904,0.9736095166160479
0.038138782143283714,0.28615370270818785,0.9886745832528163
0.02463691569827362,0.283764868612332,1.004526754211491
0.0163475513011333,0.2666852552495655,0.9957750348280561
0.035282088835105876,0.25830231900996076,0.9928743077116595
0.03926714847888382,0.2576032823044914,1.0134821299579366
0.019303320677802858,0.25601256098259667,1.0196413588825053
0.0208169828353152,0.23585058104453221,1.0252721821084512
0.03078513617078739,0.2174279365311002,1.023813562211212
0.022892076047613934,0.1980585651409695,1.0204890096907122
0.025941417266747892,0.18514014665485512,1.0367870229575995
0.035491249424143945,0.166629434524986,1.032774442183685
0.03007509101326342,0.1473151053951285,1.0388400992657891
0.0498572793554429,0.14110083421028694,1.041823389772595
0.06553331508124347,0.1467481701143148,1.0545546645737809
0.07810496732763687,0.1509754157032947,1.0383502231493575
0.06431688112920626,0.16427362578529403,1.030071867204272
0.06374444162236523,0.17553527223718587,1.0476743820396337
0.08196893399881383,0.18427598316856625,1.0422417109506714
0.07115863408116206,0.19687515654509624,1.029515940375513
0.061140942711444005,0.20571494354496833,1.0455937846013077
0.07982228584815998,0.2075863803942563,1.0547913462929555
0.08632277678642207,0.22240926108582262,1.04152616156712
0.07924434211529162,0.24202632264718257,1.0397482965602964
0.07687752492354505,0.2537228029552325,1.0225310775468468
0.08855749255351301,0.27063178531115223,1.0185570263551236
0.0768610122454631,0.2859885759273683,1.0105263605812673
0.0833339820535886,0.3048515585229858,1.004130449937524
0.06865971546475987,0.3197019603446887,1.0055615487046268
0.07214389054005191,0.33885116269372667,0.9975639082869342
0.0711090960469162,0.35470883787842866,1.0112309015127638
0.05410103762250479,0.3668896900768826,1.0109336733072887
0.05270846843759343,0.38313816530952416,0.9979877336910377
0.03677923831453627,0.3953905724463332,0.9922578343966
0.034891288787166325,0.4118592167200674,0.9795155511433598
0.015659523047718598,0.40871630365846906,0.9719252234516889
0.00803616999988371,0.4210347615076059,0.986935247828184
0.021862785780505545,0.436165878856702,0.9829116586022149
0.008801257417680857,0.444675412294935,0.9689529413969373
-0.012235894458727045,0.44469192497301696,0.9671255383558678
-0.01098093092449863,0.44058577235663804,0.9466112879520552
0.003181442643789578,0.42521246906233995,0.9464901949794541
-0.011113032349154254,0.4099437460625609,0.9467048597945196
-0.023315901451717393,0.41971374726104965,0.9327516468152695
-0.025390994664016134,0.41764966250080554,0.912088782308719
-0.020272064458610753,0.39868760383669644,0.9049498011512881
-0.009390209602603842,0.38421148938485106,0.915501402445656
0.008872812356035986,0.38027596777531897,0.9061111928430522
0.02083349551339715,0.363240388220771,0.904338832062256
0.007227048773868021,0.3501128091456185,0.9131510979319915
0.01091488021217082,0.3299122996253629,0.9090064157334212
-0.003896992027340867,0.3182103150912856,0.8999519639184838
0.00037979159588491507,0.3023581441326109,0.9129089119867894
0.0005229014725951729,0.31434084419408137,0.9300545760618838
-0.01851071212986912,0.3217990704610967,0.9255796403016745
-0.025776290485928364,0.30293058363945197,0.920284574863395
-0.01887399104767208,0.29543382779024535,0.9385641095001168
-0.023943383218831597,0.3122327256256187,0.9500679418972106
-0.04420443922538772,0.31249142424890264,0.9446793046164665
-0.044991543547294136,0.2918340639683797,0.9478827641643656
-0.03659209462960746,0.2937550388519135,0.9669273862188844
-0.049824253999279,0.30933199850922233,0.9712812290064927
-0.0667057152250621,0.29776761962582804,0.9670925129997039
-0.057893449355326615,0.2804568287699142,0.9748039336639759
-0.044061329348677465,0.284128147530135,0.990298329930875
-0.043753092691147674,0.26332767737290175,0.9924669949856382
-0.03221623493788996,0.26258460685921386,0.9750075900269867
-0.015158638479232696,0.26895299637282033,0.9853995687665624
-0.017663061321662208,0.25408057764700814,0.9999252212526535
-0.02193984494488799,0.23885588845544767,0.9862031857665506
-0.00591704297936643,0.2451912526128902,0.9743470829037085
0.007287595260168515,0.2448775117293331,0.9905845496842954
0.001480636801348437,0.2253044839761917,0.9950649896705321
0.0049482991985585305,0.21906819588724083,0.9754038943009535
0.02350304513664619,0.2287171041131286,0.9753488520406803
0.029332020499575538,0.2211377848735123,0.993991665595205
0.027284448417413388,0.20140513456557865,0.987248988711741
0.03368035906115645,0.20456456030525894,0.9675878933421624
0.050627870999267376,0.21380615580512521,0.9757066267324559
0.05626970267726793,0.1985704581615101,0.9888672311637724
0.05348456430744521,0.1844245972713038,0.9736975842324851
0.06280872319772124,0.1959229254423703,0.9589957965135198
0.07924984634131893,0.1979484806204232,0.9716610206023776
0.07950854496460287,0.17765990348373048,0.9766588578351819
0.07753803204682316,0.17260702399065292,0.956502382123145
0.09419382000548625,0.1847878761891068,0.9530787535341533
0.1064902609505138,0.17023470257287904,0.9617699264312879
0.09729820348489338,0.15384311746352716,0.9525558520615581
0.09597718923833716,0.16381127079899938,0.9341552244522354
0.11635383399146694,0.16859444321673836,0.9344744695618198
0.11979397525854045,0.14803065477867977,0.9364449824795995
0.11388794073122865,0.14661056446363183,0.9164921631305732
0.09639000619038597,0.1379414084706066,0.9238623217811515
0.08046077606732882,0.1379083831144427,0.9103659595621687
0.0893005630672009,0.15499900492926388,0.902296764206121
0.09382503686165597,0.15518064438816537,0.8818815898708
0.10162452514236503,0.1743903932235038,0.8844905930077487
0.12057557535441954,0.17462157071665116,0.8934679856583037
0.12431294482696821,0.19147000658627036,0.9052965673910093
0.13284449516931052,0.1976072186067295,0.9232568569181464
0.11509887045723853,0.20110240213407618,0.9339185427330607
0.1287878805871774,0.20288026714089977,0.9494734854862603
0.1352828672994122,0.2223707315036314,0.9465067076575362
0.1247532829091536,0.22975189860626433,0.9301371394522935
0.10695261593680847,0.2399732463389931,0.9343864019453828
0.1079929146559715,0.2384650884075081,0.9552309059108345
0.12410928846395744,0.25167523087307037,0.9557538073834296
0.1126549941011095,0.2683475315098154,0.9504752546232321
0.10131628848483523,0.2745067604343838,0.9672576397805235
0.0847981061768551,0.2816457415918147,0.9565849455135547
0.08328994824537006,0.2643734803180921,0.944756363780849
0.08856850100556765,0.2503101828182956,0.9594086134655686
0.06924316342365552,0.2457141540854854,0.9661733072531419
0.06196657661554164,0.2460333991950698,0.9465342287876727
0.07605189101944741,0.23226182567472117,0.9394502898905149
0.069545895855158,0.21862235357902812,0.9539264043423602
0.04951051311572189,0.21953055087353554,0.9480093613629939
0.05303872199923248,0.21909571701737743,0.9273740179865801
0.06672222790314405,0.20356829539431448,0.9305114268221512
0.05161312745815723,0.1914589981342157,0.9385035630138163
0.03338863508170862,0.19885667791493059,0.9313040353700849
0.04116060223228108,0.2010198387436664,0.9120722696306371
0.030152150177645862,0.21858382399683693,0.9095293172060164
0.0360086466707118,0.23870177012668276,0.9096999482128633
0.041386275499401104,0.2457802047978132,0.9287170491372456
0.03508393669812244,0.2659476889619049,0.9305059225961237
0.049989380780098534,0.2793945131466418,0.9365825881302825
0.04816197773902908,0.2943825206190277,0.9511412659725375
0.048189498869165674,0.3104383479407132,0.937771500952183
0.06334813734839836,0.3210119661391903,0.9475470063766991
0.08379633703988329,0.3200487265844097,0.9521485393355367
0.09431491297808725,0.314005086406415,0.9692721865065217
0.07624453893040353,0.3071523250024045,0.9773083565064055
0.07421898375235064,0.28673164644105625,0.9813484584104565
0.07155493835512892,0.2703730866878683,0.9941237670198607
0.08728601634120266,0.2565960089414923,0.994404482547254
0.09644504845065914,0.24133279016774056,1.005357892341616
0.11708039182707287,0.24570314563343076,1.0030406131841152
0.1235258405050618,0.230803205777482,1.0162397471976228
0.11340907306685202,0.21676742940782207,1.0044276781429993
0.12214427977220506,0.22184232580500893,0.9860931012460042
0.1362571153062474,0.20699742820933334,0.9903368595130663
0.1317161288337104,0.18733633283975482,0.9847060362871204
0.14335756688148715,0.17925612903165258,1.0000132888690907
0.13495261373777315,0.19284606309309976,1.0135977187045104
0.13025750893647123,0.18216236037407627,1.031007585628916
0.11547315782709612,0.18546489599046684,1.0455057169848707
0.11504933242299267,0.1804505460795805,1.0658823617380004
0.09572949906710786,0.17501787499061802,1.072168187861197
0.09195360001236798,0.17070256178520102,1.0926549171348732
0.08282759325907539,0.1520047059704031,1.0950107258745652
0.07751601514271389,0.1396972565733209,1.1109949982578955
0.08504579634808439,0.1213681839023533,1.1048632904634637
0.07191271304690457,0.1058682834094269,1.1093712515798368
0.07875446599886035,0.09187654084798554,1.0955116104430511
0.09579004555340835,0.08346608347824423,1.085873710669218
0.08616865845765717,0.08160565508101088,1.0672584182448297
0.10097502647114154,0.09465617499178092,1.0612422991969717
0.10143187723140891,0.11457596898464335,1.055358281573769
0.11828581732705541,0.1257495478200981,1.0599047722723336
0.12316806581328614,0.12949242151867407,1.0796319183542398
0.1356296335391332,0.14206957799109482,1.0902220492307988
0.13213995423781386,0.1509699114772674,1.1083804908949197
0.11073401921757565,0.14836090834031884,1.1071695611689099
0.10851031190253935,0.15710161927169922,1.0880643926280904
0.10906623873129843,0.1481957815594993,1.0691793931283637
0.11935363717635504,0.15526871200460243,1.0524740671354547
0.11063494314908395,0.16029957459357075,1.0341229775603777
0.11836838071746518,0.16755414449757533,1.0159370147661204
0.10878552320390522,0.18079180809327416,1.0029415371156236
0.08818320518365542,0.1834448450384413,1.0010701002663356
0.07596382340301033,0.16831923191537249,1.0094200111497762
0.05874110016353353,0.1628205101140822,0.9987858464649988
0.04440259136237115,0.1691668827235794,1.0125519157593201
0.027025749794129462,0.1745775369084326,1.0022920384444
0.014492627129927266,0.16352505104557885,0.9897203861980067
0.01220286910256314,0.1668826289222426,0.9690465132394017
-0.00854255879439693,0.16726792474415483,0.9718041304790879
-0.010826812595733738,0.18792528502467784,0.9746773364653476
-0.004733634383493144,0.18932335843561648,0.9548015762807038
-0.008476508082069118,0.17027323215507023,0.9476956204794367
-0.004992333006777072,0.1740766523399467,0.9275171278632903
0.01501002437649512,0.17887633743576764,0.9316452973837785
0.02943109656806726,0.1658588428811615,0.9239448851715611
0.04909219193764576,0.16918889962768868,0.9301481479043482
0.055570665971798584,0.15771809258675878,0.9138941684456793
0.054409274280034566,0.15483938237447167,0.8932423123911836
0.047358360739040706,0.13523883349119367,0.8945633266377397
0.02942008811601262,0.12699350290227188,0.9015647021444877
0.030845682657087883,0.12517710831325707,0.9224257187880216
0.020222526424364895,0.1270320324844631,0.9406447069384429
0.021890306910642133,0.14786002377183294,0.9395933997672252
0.012890897355977841,0.14548219812803173,0.9207799552058537
-0.00725456990400461,0.1423447892924607,0.9163050194456445
-0.0030273243150246852,0.12259012208041778,0.9111970976922935
0.012323962075164126,0.10944603032718335,0.9058635026718228
0.01580813715045617,0.08938312645761066,0.9009207076992917
0.027961468218773454,0.07549045996466101,0.9107842807402448
0.0396359316227141,0.0664194954716416,0.896005433856897
0.052202079643080206,0.04986278358147022,0.8945358055076033
0.06790563649901735,0.04859130736915985,0.9081037226649411
0.08347709193029887,0.050126986430781464,0.894359670274729
0.09140317740963623,0.03284922093103149,0.9033150460211749
0.08388440465632037,0.015896204766893254,0.9131125683498001
0.09145271544388207,0.0012219381780645092,0.9259043896372864
0.08773185864941538,-0.01202122964366166,0.9418116028562342
0.08543659639602394,0.0007981127739610533,0.9582747429039412
0.07741143484819486,0.017685078225771478,0.9491377276985938
0.08012501827966244,0.031170431992699622,0.933505725781012
0.09242145922468999,0.04778218614314416,0.9306875620550253
0.08429722160836918,0.06604520810178399,0.9245558542605935
0.09066010689594835,0.08535953723164148,0.9199268001716193
0.09064359421786639,0.09903203468349843,0.93582850916454
0.07259523707429195,0.10708471736146408,0.9287390660413548
0.06284725277991246,0.08971888424527703,0.9222000455209016
0.06496087557440243,0.08153410014265575,0.9413822732261033
0.056924705574518716,0.09798072751228075,0.9515045448903404
0.04195871500624214,0.09935678401911016,0.9369733881782221
0.03678474254056358,0.07959110835501264,0.9413602563219942
0.039536855554222386,0.07994888304678828,0.962100179992927
0.027422054068096332,0.09698996682736359,0.9633111097189367
0.011085511219017664,0.08884371230693353,0.9530952662122353
0.016000785061412292,0.07068527064281274,0.9622212729655278
0.013336739664190567,0.07820404339612859,0.9815686274515494
-0.004452918856099946,0.08796854036859003,0.9764386887940892
-0.01066168581491421,0.069078036642836,0.9698831555955539
-0.007463730493042679,0.060893252540214715,0.9888176931295265
0.011712992986131873,0.05269195575951147,0.9869627689583206
0.030218200889973675,0.05637978719781427,0.9959896996431213
0.04636209582809622,0.05858147760874132,0.9828731290200236
0.0650764643209761,0.05177825423897675,0.9893571072802038
0.08346057925221691,0.05539453073892442,0.980005427259791
0.10429957899164138,0.05339649669100813,0.9809851794926535
0.11728404819008362,0.06625987291684939,0.9706592514654059
0.13800745918293442,0.0639866275675672,0.9680447441024298
0.1425979836897173,0.07922232521118236,0.9816071570337405
0.13883309308703207,0.08417062440974088,1.0014719087663297
0.1301199032857883,0.10167956740263819,1.0077302137593898
0.11084960796414933,0.09492588206711948,1.0063706699306425
0.10384823245740134,0.09859720082734033,1.0254978553755711
0.09365440585480912,0.08077451695088592,1.0224264972523278
0.08504029212205706,0.06623785601274011,1.0097172393552514
0.06504343896481218,0.06899547325242623,1.00395431470465
0.056924705574518716,0.08476508082069119,0.9929293499719328
0.04962059763626825,0.0977385415670788,1.007713701081308
0.030614505163940545,0.10622605810120254,1.0058532726840745
0.01837310647918618,0.11375583930657304,1.0210009027112525
-0.0020365636301075156,0.11270453213535536,1.0252226440742052
-0.013408294602545697,0.1299988103131873,1.022844818430404
-0.006247296541005486,0.1347159320185985,1.0038277175060217
0.0007816000958791005,0.1154071071147683,0.9997545902458066
0.01567603572580055,0.12383407716259158,0.9877278563761177
0.03224926029405387,0.11144406437509964,0.9847500700953388
0.047996850958209554,0.1250339984365468,0.9868416759857196
0.06354078525935448,0.12451660118997895,0.9728939672324967
0.07902417307419891,0.11224217714906069,0.9805778667666322
0.0943699552383604,0.12361941234752619,0.9890598790747286
0.11014506703265267,0.11153213199153672,0.9821355627323629
0.10591231721764545,0.11677215516954308,0.9622487940956644
0.11028817690936293,0.13666442803226891,0.967197093294223
0.12992725537483216,0.1294373792584009,0.9675218426298346
0.13660938577199574,0.12651463523789525,0.947926797972584
0.1475022490800573,0.11186238555317578,0.9376614164316367
0.1342866023884677,0.09762295282050512,0.9453838455479633
0.1210599472448235,0.09663219213558795,0.9292564632879227
0.11173578835454748,0.07833614482078421,0.9330819003769084
0.10046863767662832,0.07083938897157763,0.9489891135958564
0.0959001300739547,0.05093060343076984,0.953629176136885
0.07625554738245816,0.048756434149979384,0.9607241234860975
0.07365755269756424,0.03078513617078739,0.971182152938001
0.057816390190944165,0.021681146321604065,0.9814365260268937
0.04030744719804685,0.032678589924184646,0.9779853763077655
0.02668999200646309,0.025913896136611304,0.9924669949856382
0.0073151163903051025,0.033487711150200335,0.9949714178280675
0.003968546965695996,0.046510709930833796,1.0110547662798897
-0.009390209602603842,0.04493650128702096,1.027160131635821
-0.02475250444484729,0.05466246867729117,1.016812186704464
-0.026277175054414268,0.047980338280127606,0.9970244941362572
-0.036443480526869895,0.057728322574507086,0.9816236697118225
-0.03249695046528316,0.052636913499238304,0.9616818588148508
-0.025187338301005377,0.033212499848834454,0.9590123091916017
-0.009037939136855515,0.03379594780773012,0.9457856540479576
0.00653902052045332,0.023706701499656944,0.9354432133426276
0.025121287588677568,0.02056378843805859,0.9452187187671438
0.03163829120502162,0.031170431992699622,0.928430829383825
0.051767245786922114,0.028308234458494463,0.9333846328084109
0.04809592702670127,0.009081972945074054,0.926091533322215
0.05102967949926156,0.004441910404045311,0.9057699308293584
0.03334460127349008,-0.006753685335518707,0.9055827871444297
0.019881264410671205,0.003467662397210094,0.9179838083839762
0.025093766458540983,0.021736188581877237,0.9091550298361588
0.011564378883394297,0.03343266888992716,0.8982676707541245
0.012109297260098741,0.05357263192388229,0.89236714045284
0.00035777469177564463,0.06469116849906387,0.9056928716649759
-0.005889521849229843,0.08454491177959847,0.9032324826307652
-0.011223116869700607,0.09412226506713113,0.9210661749592741
-0.021389422342156232,0.11242381660796218,0.9205047439044877
-0.024064476191432586,0.12469273642285313,0.9372485994795878
-0.03810575678711981,0.1402586876281073,0.9373641882261616
-0.04551444501988931,0.15276428916217294,0.9524842971232029
-0.066391974341505,0.1529404243950471,0.9539594296985241
-0.06863219433462327,0.16568821187431468,0.970488620458559
-0.05561469978001712,0.17789658520290513,0.9814420302529209
-0.05890622694435305,0.18918575278493358,0.9987913506910261
-0.04976370751297851,0.19622565787387278,1.0162892852318688
-0.0539799446499038,0.19554313384648542,1.0367429891493811
-0.04493099706099365,0.2050764533257995,1.053035498190241
-0.04614192678700351,0.19634675084647374,1.0719039850118859
-0.060931782122405936,0.18205227585352995,1.0754817319296424
-0.07828110256051103,0.19253782643556996,1.070071077744789
-0.07344839210852618,0.20660112393536645,1.0552647097313046
-0.07796736167695394,0.19913188921629646,1.0361650454165126
-0.07435658940303358,0.21176959217501767,1.0198505194715433
-0.08316335104674176,0.20900096648327693,1.0011086298485268
-0.0720172933414236,0.21497305172291653,0.984425320759727
-0.07731235877970313,0.23413876675003645,0.9777597030406455
-0.07944799847830236,0.23775504324998414,0.9572179315066962
-0.07398230203317599,0.2546585213798765,0.9461434287397331
-0.08203498471114165,0.26001413330445655,0.9275501532194542
-0.0665791180264338,0.2678411427153022,0.9157711095209946
-0.08038922112897369,0.27638920573572645,0.902522437473241
-0.08813366714940957,0.28827282972870516,0.9179287661237031
-0.0699862339373434,0.2932596585094549,0.927164857397542
-0.06333162467031642,0.30402042039286087,0.9103934806923053
-0.051167285149944494,0.32064868722138734,0.9153748052470277
-0.056198147738912796,0.34072259954301465,0.9121107992128284
-0.04446313784867165,0.3496834795154877,0.8972493889390708
-0.05366620376634669,0.36841986491247686,0.8989612032335667
-0.04020286690352782,0.38370510059033786,0.9034636601239123
-0.025077253780459028,0.36933907065903887,0.90316092769241
-0.008938863068363797,0.3677263324330349,0.889989314809039
-0.007238057225922656,0.3469203580497743,0.8897691457679461
0.010832316821761055,0.33960524165946915,0.8821898265283299
0.01346884108884619,0.3197184730227706,0.8762067328366355
0.03430233660224334,0.32087986471453467,0.8741371438503642
0.04732533538287681,0.3229879832829973,0.890352593726842
0.06819185625243786,0.3209294027487805,0.8907323853227268
0.07878749135502426,0.30699820667363964,0.9023738233705035
0.09079220832060397,0.3192726307145579,0.9145106417607388
0.0737951583482472,0.3241218538446248,0.9257227501783848
0.06976056067022338,0.30371218373533104,0.9236696738701954
0.051756237334867485,0.30367915837916715,0.9131015598977454
0.046840963492472854,0.28529504344792633,0.9045039588430754
0.04707764521164752,0.26583760444135857,0.9122484048635112
0.0627316640333388,0.25188989568813575,0.9111310469799657
0.05953921293749458,0.23307094690073685,0.9024288656307766
0.0687973211154428,0.21477489958593313,0.898190611589742
0.0733603244920891,0.21256220072295146,0.8778690090968856
0.08271750873852904,0.19787692568206808,0.8662220668230814
0.10025947708759025,0.20897894957916766,0.868726489665511
0.09690740343695384,0.21079534416818246,0.8892242273912417
0.08595399364259179,0.22282758226389876,0.9023242853362576
0.08970787579322238,0.2432152354690832,0.8998473836239648
0.08055985213582052,0.2619736377701816,0.9014711303020234
0.06785609846477149,0.2689034583385745,0.8862849706926542
0.05641281255397818,0.28599408015339567,0.8824980631858595
0.03603066357482107,0.2857188688520298,0.8872867398296259
0.028566933081778396,0.2909809089341454,0.86837972342579
0.24716176553066996,0.212953000770891,0.8939633660007621
0.234650659770577,0.1962091451957908,0.8928955461514626
0.2393402603458516,0.19315980397665689,0.8727445746654529
0.2595297614140526,0.19434871679855745,0.8782488006927704
0.261494770105805,0.1797955431823297,0.893214791261047
0.2489726558936574,0.1652313611140473,0.8844960972337759
0.25686021179080354,0.1666899810112865,0.8650992047135085
0.24068329149651707,0.17529859051801122,0.8548063020424248
0.22877765059942912,0.15868133214153937,0.8591656490560603
0.2407438379828176,0.14223470477191436,0.854013693494491
0.23227833835280312,0.12308550242287637,0.8566502177615761
0.2213634581406323,0.1366258984500777,0.8680659825422329
0.22116530600364884,0.13245919934739828,0.888585737172073
0.23390758925688915,0.1397247777034575,0.9036012657745953
0.24192174235266356,0.13493059683366387,0.9222495835551474
0.24879101643475596,0.15092037344302153,0.9336983736919681
0.2537117945031779,0.1542889597717399,0.953766781787568
0.25075602512650835,0.16784586847702318,0.969519876677751
0.2626616660235963,0.179470793846718,0.982328210643319
0.2728224672700246,0.16939806021672674,0.9976794970335079
0.2920157034272811,0.17195752531942943,1.0056991543553098
0.305963412180504,0.16568270764828735,1.0200156462523629
0.31308037643382564,0.18370904788775252,1.0277545880467713
0.3107355761461883,0.19205345454516604,1.0087705124785529
0.31677371209815575,0.17587103002485227,0.9969639476499567
0.3083522462763598,0.15890700540865937,0.9879590338692651
0.3134601680297105,0.14465105999790678,0.9734664067393378
0.3065963981736455,0.13788086198430613,0.9548456100889222
0.31009158170099216,0.11726753551200167,0.9537943029177046
0.3085338857352613,0.10645723559434989,0.935933089459059
0.3102291873516751,0.08588794293026397,0.9323058045070567
0.3180561967625207,0.08268448338236513,0.9131400894799367
0.3251676567898151,0.06638096588945037,0.9020655867129737
0.341300543275883,0.07015136071816293,0.889229731617269
0.34432236336488037,0.05642932523206014,0.8736802930900969
0.36216155991941673,0.050644383677349324,0.8643451257477661
0.3585948214537149,0.042498129156919265,0.8453940755357117
0.3750579615014219,0.03354825763650083,0.8360534039673536
0.37923566905615597,0.014624728554582888,0.8279897128373334
0.35884251162494424,0.013314722760081298,0.8233111207141134
0.3552482520291058,0.011845094410787496,0.8438804133781993
0.3480156990292105,0.025941417266747892,0.8575363981519742
0.35636010568662396,0.027939451314664184,0.876647070918821
0.3485055751456418,0.04128719943090939,0.890754402226836
0.346535062227862,0.048200507321220304,0.9103934806923053
0.33221306610478163,0.05719441264985728,0.9227229469934968
0.3366439680567723,0.07116413830718937,0.9376338953015002
0.3315140293993123,0.08818870940968272,0.9484166740890152
0.3363907736595157,0.10736543288885729,0.9417675690480156
0.3311507504815093,0.12295890522424807,0.9547300213423486
0.3329010943581963,0.14371534157326277,0.9523742126026568
0.33146449136506645,0.1565897262511587,0.9688483611024183
0.32186512117342453,0.17521052290157416,0.9683034427257138
0.3238191214131223,0.19128836712736888,0.9815796359036039
0.3076642180229451,0.20446548423676722,0.9835996868556295
0.321336715474802,0.21677293363384942,0.9935568317390471
0.3268134203719831,0.23445250763359357,0.9839629657734323
0.32833809098155003,0.2548071354826141,0.9886030283144612
0.31981204486523507,0.26477528881808626,0.9720738375544263
0.3235659270158656,0.2852785307698444,0.9702794598695208
0.3041415133654618,0.29141023856427617,0.9653641860271261
0.29936384517375014,0.31133553678316594,0.9609608052052722
0.2809962429205913,0.3204450308583766,0.9565794412875273
0.2756076056398474,0.33557614820747267,0.9431711466849817
0.25930408814693257,0.34053545585808587,0.9310838663289921
0.2550052876195975,0.3283490994336047,0.9147803488360774
0.24180064938006257,0.33413404098831545,0.8996162061308174
0.22218358781870262,0.33191033367327916,0.906837750678658
0.21115311885995813,0.31540866404338097,0.9002381836719043
0.19056731351779027,0.3183534249679959,0.8986254454459002
0.1855474593808766,0.2995234677285424,0.8910516304323112
0.17364181848378862,0.29489441363956825,0.9075257789320728
0.1584116250662008,0.3082806913380047,0.9025334459252957
0.14062196654591028,0.30765320957089043,0.8914864642884692
0.14176134133356502,0.30624412770789716,0.8706474645490447
0.12841359321731982,0.32233298038574654,0.8714675942271152
0.14415017542942088,0.33525690309788825,0.8763333300352639
0.16083348451822055,0.32544286809118095,0.8683632107477081
0.16408097787433792,0.322619200139167,0.847898498378141
0.180511092565881,0.31393903569408715,0.8382661028303352
0.18334026474392223,0.32959855874180577,0.8246871772209428
0.1706089899427366,0.34284723078955925,0.8345452460358685
0.18203576317544798,0.3404308755635668,0.851812003083564
0.17353173396324229,0.3493036879196028,0.8687044727614016
0.1550375345114551,0.35872692287837055,0.8660679484943166
0.1571621657579997,0.3721242090288616,0.8820136912954556
0.14138705396370743,0.3839582949875945,0.8748747101380248
0.12847964392964764,0.36749515493988755,0.876091144090062
0.13342243890217884,0.36452287288513596,0.8962145944459351
0.12944838771045553,0.3842995570012882,0.9018619303499629
0.11214860530659629,0.383066610371169,0.8901874669460224
0.10564261014230689,0.36903633822753645,0.9043003024800647
0.10720581033406508,0.3779146548095998,0.9232238315619825
0.09534970747122294,0.39357968208334565,0.9159582532059234
0.07839669130708471,0.38177862148077674,0.9191782254319042
0.08555768936862493,0.3723498822959816,0.936417461349463
0.09077569564252201,0.3874534785149411,0.949952353150637
0.08643836553299573,0.4065641512817879,0.9570858300820406
0.09600471036847374,0.4171597863843743,0.9418611408904801
0.0852714696152044,0.4318230445211484,0.9309187395481725
0.08717593182065629,0.4327972925279836,0.9101733116512126
0.10668841308749721,0.43396418844577495,0.9028196656787162
0.11601807620380057,0.43871983973337736,0.9209340735346184
0.118434431429793,0.4181615555213461,0.9246879556852492
0.13330134592957787,0.4115895096447289,0.911411762507359
0.14588400662802592,0.4280911792746271,0.9144390868223836
0.14341260914176032,0.42455746616508916,0.934892790739896
0.14752426598416657,0.4040982580215496,0.9335607680412851
0.16410849900447452,0.4077530641036885,0.9213634031647492
0.17338862408653202,0.42197047993224984,0.933593793397449
0.17489127779198974,0.40783562749409824,0.9489781051438017
0.17741771753852847,0.3887194505012242,0.9406887407466613
0.17084567166191128,0.38643519669988735,0.9207799552058537
0.18984075568218436,0.39198896076145084,0.9136134529182861
0.20230782763405875,0.3782724295013754,0.9236201358359495
0.1952293929629283,0.3587214186523432,0.9199157917195647
0.2139547699078628,0.34982108516617066,0.9240934992742988
0.20597914639427956,0.3306608743650781,0.9290748238290213
0.21840768876396274,0.31399407795436035,0.9323883678974665
0.21687200970234113,0.29864829579019886,0.9463470851027439
0.23476624851715067,0.2883168635369237,0.9435014002466207
0.24263729173621484,0.29315507821493586,0.9622542983216917
0.22662549822274794,0.28677568024927474,0.9738406941091953
0.22299821327074565,0.2696300161741804,0.9624469462326478
0.24318771433894662,0.26503949166739754,0.9653146479928805
0.2414318662362323,0.2663219763317625,0.986120622376141
0.22377981336662472,0.25514289327028045,0.9871939464514679
0.23194808479116405,0.24032551680474146,0.9748534716982219
0.25040375466076004,0.23999526324310239,0.9847170447391749
0.24245565227731336,0.2408429140513093,1.0040809119032783
0.23057753251036195,0.224737548695378,0.9980813055335022
0.24749201909230897,0.21336031349691248,0.9934742683486373
0.2554456257017829,0.21856180709272763,1.0121060734511074
0.23760642914724656,0.2135859867640325,1.0218045197112409
0.23672575298287576,0.19489913940128922,1.0124033016565825
0.2556327693867117,0.1895765528328731,1.0195642997181227
0.2494405151059794,0.19608805222318984,1.0384327865397676
0.2327461975651251,0.1835714422370696,1.036919124382255
0.24400233979098962,0.16751561491538414,1.029637033348114
0.2570198343455958,0.1706034857167093,1.0456378184095263
0.27358205046179446,0.17761586967551193,1.0350531917589945
0.2739178082494608,0.19831175953822616,1.0381961048205928
0.29401924170122473,0.20078315702449176,1.043348060382162
0.3092329224407306,0.2139547699078628,1.0375355976973146
0.32074225906385173,0.20997521449011217,1.020626615341395
0.3397703684402887,0.20138311766146938,1.0212981309167277
0.3523310122346275,0.1974475960519373,1.0050331430060042
0.3594479764879492,0.1776048612234573,1.00621104737585
0.3804080691999746,0.17693334564812457,1.006244072732014
0.3911303015011893,0.1672954458742914,0.9910469046705902
0.4063329737886406,0.15363946110051643,0.9955438573349087
0.4150571720419389,0.1424438653609524,0.9801375286844467
0.43010572600062535,0.1326188219021905,0.990645096170596
0.44034909063746336,0.14980301555947606,0.9846454898008199
0.43538427876082286,0.1697888602646663,0.9884599184377508
0.4178423104117617,0.17317395927146662,0.9994573620403315
0.4046541848503087,0.1892848288534253,0.9970079814581752
0.39301274680253195,0.1992034441546516,1.011318969129201
0.38094197912462446,0.21590877014756055,1.007576095430625
0.3759001080836015,0.23182148759253574,1.02055506040304
0.35578216195375567,0.23441948227742965,1.0257235286426911
0.3500137330771268,0.25242930983881284,1.0349320987863935
0.337106323043067,0.2427143509005973,1.0483679145190758
0.33882364156359007,0.22429170638716528,1.058264512916193
0.32611988789254104,0.20794965931205928,1.0547638251628189
0.32608686253637714,0.1966825086341401,1.0725039456488634
0.3222339043172548,0.2127713613119895,1.085389338778814
0.309221913988676,0.2209231200584469,1.0712434778886077
0.28815173675610417,0.22053232001050735,1.0695536804982213
0.2764772733521635,0.20371140527102471,1.0651558039023945
0.25847295001680765,0.2130190514832188,1.0597836792997324
0.25473007631823164,0.22724197153780748,1.0448507140876198
0.24758008670874604,0.24432708912660137,1.0545656730258355
0.24063375346227125,0.26258460685921386,1.0470138749163556
0.25619970466752545,0.2722720446672929,1.0365448370123975
0.2508110673867815,0.2902653595505941,1.0457754240602093
0.2594031642154243,0.29264318519439536,1.064731978498291
0.24620403020191664,0.30180772152987917,1.0781457773268641
0.25409709032509015,0.31530408374886193,1.0921210072102234
0.2701143880645843,0.319239605358394,1.0792135971761636
0.2631900717222188,0.3267363612076006,1.0608625076010867
0.2479103402703851,0.3395446951731687,1.0545216392176169
0.23166736926377085,0.3333249197622998,1.0429242349780588
0.2210277003529659,0.33844935419373245,1.0255033596015986
0.20494435190114388,0.3512907135154645,1.0289049712864808
0.18797482305892368,0.3409152474539707,1.0225971282591746
0.16719636980579972,0.34259954061833,1.0236539396564197
0.15032591703207124,0.3340845029540696,1.0147315892661377
0.14112285111439618,0.3465570791319713,1.0006737959923686
0.12274974463520999,0.34543972124842587,0.9907166511089511
0.12031687673113563,0.3645889235974638,0.982586909266603
0.11362373788191742,0.3642861911659614,0.962744174438123
0.12719715926528263,0.3799071846314887,0.9595076895340603
0.14684724618280648,0.378074277364392,0.9671640679380591
0.15416236257311158,0.3955226738709888,0.9761634774927235
0.1747041341070609,0.3913724874463913,0.9773744072187334
0.18949949366849064,0.38581321915880046,0.9636358590545485
0.19549910003826684,0.3680565859946739,0.9728939672324967
0.19513582112046388,0.347261620063468,0.9699492063078817
0.1758545173467703,0.33903280215262815,0.9696960119106252
0.1749518242782902,0.31802317140635683,0.9696794992325432
0.15768506723059486,0.3061175305092689,0.9682704173695499
0.15542833455939464,0.2905075454957961,0.982152075410445
0.13463336862818873,0.2913331793998937,0.9850032644925955
0.13168310347754647,0.2707033402495073,0.9815741316775766
0.1472820800389646,0.26492940714685115,0.9943109107047896
0.14402357823079256,0.25804912461270413,1.0138123835195758
0.15024335364166147,0.2684355991262525,1.0309415349165882
0.16651935000443963,0.25553369331822,1.0337927239987388
0.1717318520523094,0.2562822680579352,1.0135481806702644
0.17102180689478544,0.2771873185096875,1.0137683497113572
0.1827898421411905,0.2782661468110417,1.0310571236631618
0.19713385516838017,0.2668338693523031,1.0210614491975532
0.19680360160674112,0.2801210709822478,1.0048680162251846
0.20055748375737173,0.2966282448381733,1.017125927588021
0.2152427587982551,0.2849372687561507,1.026312480827614
0.2237412837844335,0.28064397245484296,1.0077026926292534
0.22137446659268695,0.3008554904271532,1.0032332610950714
0.2324049355514314,0.3067064826941918,1.02002115047839
0.25326595219496517,0.3069486686393938,1.0221127563687709
0.26314603791400026,0.2886195959684262,1.019657871560587
0.2793119497562321,0.28260347692056803,1.0315414955535658
0.2927312528108324,0.26788517652352073,1.0251345764577682
0.29396419944095153,0.25420717484563643,1.0409206967041151
0.3036406287969759,0.23847609685956275,1.0309525433686428
0.31825434889950416,0.23542125141440148,1.0162452514236502
0.305115761372297,0.2275942420035558,1.0019122468485153
0.30370117528327645,0.2380908010376505,0.9837868305405583
0.282950243160289,0.2412116971951396,0.9838638897049408
0.2842987785369819,0.25040375466076004,1.0026608215882304
0.29247255418754853,0.26760446099612756,0.9938815810746588
0.29134969207797573,0.2841941982424628,1.0066458812320083
0.27698366214667675,0.297872199920347,0.9998701789923803
0.2676539990303734,0.3158820274817303,1.005930331848457
0.24728285850327092,0.32061566186522344,1.0067174361703635
0.23894946029791206,0.32012028152276484,0.9874856704309157
0.22894277738024865,0.3378328808786729,0.9923459020130372
0.230682112804881,0.3528263925770861,1.0068055037868004
0.21010731591476778,0.35666283811812644,1.0064697459991343
0.1938918660382901,0.3477790173100358,0.9965841560540717
0.17360879312762473,0.34255000258408413,0.9968978969376289
0.16399841448392818,0.3242319383651711,0.9935348148349377
0.1446620684499614,0.3208028055501522,0.9862582280268238
0.13384076008025497,0.30779081522157337,0.9985711816499334
0.11507685355312926,0.3067890460846016,1.0077907602456904
0.12457714767627945,0.3051377782764063,1.0263730273139147
0.14030272143632586,0.3143903822283272,1.0366053834986981
0.15415135412105696,0.29977115789977166,1.0423132658890264
0.1648515695181624,0.3048735754270951,1.0596075440668584
0.17256299018243437,0.28647845204379957,1.0660364800667652
0.19105718963422152,0.2932541542834276,1.058963549621662
0.18904264290822329,0.3122712552078099,1.0674400577037313
0.1854759044425215,0.3036461330230032,1.086148921970584
0.20303988969569195,0.2923734781190568,1.084486645710334
0.21289245428459047,0.3098879253379814,1.078734729511787
0.21088341178461958,0.314472945618737,1.0990563320046438
0.21067425119558147,0.3038993274202599,1.117066159566027
0.19005542049724974,0.30093254959153565,1.1148589649290725
0.191238829093123,0.2841501644342443,1.1023148338128157
0.20534616040113807,0.27029602752348586,1.1092446543812087
0.22033416787352392,0.26170393069484305,1.0973940557443937
0.21188518092159137,0.24274737625676118,1.1000966307238067
0.19213051370954845,0.2458407512841137,1.0936456778197905
0.1979815059765871,0.2550107918456248,1.0756248418063525
0.21176959217501767,0.2410906042225386,1.0681556070872826
0.21454372209278577,0.23880084619517447,1.0472945904437487
0.19833928066836273,0.22898130696243987,1.0380364822658006
0.20071160208613664,0.21021189620928682,1.029015055807027
0.2093587411750526,0.20941378343532577,1.0099704337525082
0.19080399523696492,0.20271514036008023,1.0029910751498694
0.18174954342202748,0.22035068055160587,1.0096677013210056
0.19762923551083877,0.2319590932432187,1.0025067032594654
0.196385280428665,0.22281657381184414,0.9837427967323397
0.17547472575088538,0.2238623767570345,0.9831868699035806
0.1759811145453986,0.24423902151016427,0.9879315127391284
0.19084802904518347,0.24770668390737438,0.9736480461982392
0.1800377291275317,0.23782109396231194,0.9587756274724271
0.1626388706551807,0.24840572061284372,0.9636303548285212
0.1729097564221554,0.26664122144134694,0.9629313181230518
0.18112206165491324,0.2630194407153719,0.9440353101712705
0.1632003017099671,0.2547961270305594,0.9371495234110961
0.15180655383341965,0.2711987205919659,0.9437105608356587
0.1618847916894382,0.28779946629035585,0.9360817035617965
0.16924944611398915,0.27576722819463956,0.9205818030688702
0.1898572683602663,0.2777432453384466,0.9218587835072078
0.1937322434834979,0.25944719802364286,0.9123474809320029
0.2084285269764359,0.26873833155775495,0.9005849499116252
0.21763159289411096,0.27766618617406413,0.9170976279935781
0.21779121544890315,0.26001963753048385,0.9283978040276611
0.22654293483233817,0.24933593481146038,0.9126832387196694
0.2432372523731925,0.2617975025373075,0.9141638755210179
0.2429840579759359,0.26173145182497964,0.9350909428768793
0.24369410313345985,0.240837409825282,0.935586323219338
0.25862706834557253,0.2414593873663689,0.9209505862127004
0.2721289347905826,0.253436583201812,0.9315627339933689
0.26996026973581944,0.24377666652386962,0.9500349165410467
0.27305364476317195,0.22540356004468343,0.9405401266439238
0.2902928806807307,0.23154627629116986,0.9304618887879051
0.2982574957422593,0.23812933061984173,0.9487414234246271
0.2909478835779815,0.22178728354473573,0.9597663881573442
0.305946899502422,0.2073937324833002,0.9627056448559318
0.3249915215569409,0.20322703338062076,0.9549942241916599
0.3334900465431193,0.18463926208636922,0.9498532770821453
0.34728363696757725,0.17813877114810708,0.964197290109335
0.36608056885086687,0.17641044417552937,0.9544988438492013
0.371749921659004,0.1563805656621206,0.952308161890329
0.39135597476830936,0.16300214957298367,0.9489395755616105
0.40304695085033193,0.17699389213442504,0.9593095373970769
0.4080227711790271,0.18585569603840638,0.9411015576987103
0.3875910841656241,0.18965361199725556,0.9394888194727061
0.3856205712478444,0.1990438215998594,0.9580545738628484
0.39039273521352874,0.21834714227766222,0.9513669392396575
0.3714967272617474,0.2204002185858517,0.9425106395617036
0.3615891204125757,0.21767562670232948,0.9607956784244527
0.3692950368508204,0.23523410772947267,0.9693712625750135
0.36103319358381664,0.2471562613046426,0.9541851029656441
0.3437719407621486,0.25709138928395087,0.9608066868765072
0.3316076012417767,0.26184704057155334,0.9443930848630461
0.3252337075021429,0.28173380920825186,0.9435399298288119
0.30435617818052724,0.28173380920825186,0.9421418564178733
0.2930504979204168,0.2984336309751335,0.9365495627741186
0.27308667011933585,0.29809236896143976,0.9428023635411514
0.2607131700099259,0.31431332306394477,0.9376118783973908
0.2525559070374412,0.3273363218445782,0.9518733280341708
0.23318103142128319,0.32387966789942274,0.9588526866368096
0.21768663515438413,0.33463492555680135,0.9500569334451558
0.19734851998344555,0.33039667151576685,0.9512513504930838
0.1816009293192899,0.3353064411321341,0.9385035630138163
0.16617808799074593,0.3212651605364469,0.9400392420754379
0.15832906167579103,0.32788674444731,0.9581096161231217
0.15596774871007177,0.3475258229127792,0.9514770237602039
0.13657085618980452,0.34247294341970164,0.9454223751301546
0.12487437588175461,0.32493097507064045,0.9446352708082482
0.11821976661472762,0.32747392749526116,0.9249081247263418
0.13804048453909834,0.32484290745420336,0.9187874253839646
0.13741850699801145,0.3041470175914891,0.9218092454729621
0.118434431429793,0.3016811243312508,0.9133162247128109
0.11758127639555876,0.2905295623999054,0.8956476591651213
0.13099507522413179,0.27913581452335795,0.884341978905011
0.15095339879918543,0.2813980514205855,0.8902755345624594
0.16029957459357075,0.29065615959853364,0.8739885297476265
0.1783919655453637,0.28549319558490976,0.8647689511518697
0.18436405078500331,0.2687548442358369,0.8758764792749965
0.2003263062642244,0.25694827940724063,0.8691503150696145
0.19561468878484053,0.2372266375513616,0.8639157961176355
0.213420859983213,0.230924298750083,0.8729372225764089
0.21054214977092586,0.24129426058554937,0.8908809994254644
0.19177273901777284,0.23209669889390164,0.8919708361788732
0.19955571462039995,0.2130520768393827,0.8881564075419421
0.21309060642157393,0.21522074189414583,0.9039150066581525
0.1993575624834165,0.22415410073648231,0.9169435096648132
0.18606485662744449,0.20835146781205346,0.9137510585689689
0.20213169240118456,0.1950532577300541,0.9155069066716833
0.2119622400859738,0.20250597977104215,0.9322892918289748
0.19406249704513695,0.20682129297645918,0.9422519409384197
0.18810692448357927,0.1868299440452416,0.9413382394178847
0.20774600294904855,0.17976251782616579,0.9425161437877309
0.21965714807216383,0.19344051950405006,0.9533979986437376
0.23484881190756043,0.1790689853467238,0.9535190916163387
0.23963748855132674,0.18395673805898183,0.9336983736919681
0.24801492056490415,0.20246194596282363,0.9389218841918924
0.26184704057155334,0.1925763560177612,0.9511027363903463
0.26622840448929813,0.1770709512988075,0.937699946013828
0.2677750920029744,0.19136542629175135,0.9225302990825407
0.2807815781055259,0.20318850379842954,0.933907534281006
0.2923734781190568,0.18610338620963568,0.9372596079316425
0.29434399103683645,0.18211832656585775,0.9168003997881029
0.2989785493518379,0.20217022198337578,0.9130630303155542
0.3141867258653165,0.2025114839970695,0.927478598281099
0.32443559472818184,0.1866097750041489,0.9185012056305442
0.3196579265364702,0.1922020686479036,0.8989006567472662
0.3260483329541859,0.21176959217501767,0.902676555802006
0.3436893773717389,0.20480674625046094,0.9114337794114683
0.3471130059607304,0.19187181508626455,0.8953008929254004
0.3413555855361562,0.2054562449216844,0.8805385587201345
0.35469782942637407,0.21920029731189647,0.8887893935350836
0.37086924549463324,0.20608923091482592,0.8866922834186756
0.3645338813371906,0.2004529034628527,0.8675981233299108
0.3650292616796492,0.2204882862022888,0.8615765000560254
0.38554351208346194,0.2205543369146166,0.8656551315422677
0.3880864645080827,0.2053956984353839,0.8515422960082254
0.3730544232274783,0.2089184030928672,0.8374019393440465
0.3816685369602303,0.22772634342821144,0.8339067558166997
0.4009498407339239,0.2198993340173658,0.8314463667824888
0.3954676316107156,0.2005519795313444,0.8257825182003788
0.4120738815351328,0.1923341700725592,0.8353488630358569
0.42367679000071834,0.20469115750388728,0.8231459939332938
0.4157892341035722,0.19829524686014421,0.804882971974654
0.4051605736448219,0.2157766687229049,0.800204379851434
0.41769920053505144,0.2320471608596558,0.7960376807487546
0.4046266637201721,0.24851030090736276,0.797760503495305
0.3881304983163012,0.2529962451196266,0.8100514402143053
0.3738029979671935,0.24552150617452928,0.7966541540638142
0.3634330361317271,0.23683033327739478,0.8128365785841281
0.3518466403442235,0.25394297199632526,0.8167941170977694
0.34994217813877165,0.2513945153456772,0.8375230323166474
0.34660111294018986,0.2719748164618177,0.8379743788508874
0.32887200090619984,0.2689419879207657,0.8486911069260749
0.3388676753718086,0.26423587466740917,0.8665082865765019
0.34181243629642355,0.28487121804382287,0.8685503544326367
0.32236600574191043,0.2905956131122332,0.8737793691585886
0.31790207843375584,0.2847831504273858,0.8936441208911777
0.2985712366258164,0.27870648489322714,0.8883270385487889
0.3035360485024569,0.2657715537290308,0.8725849521106606
0.32058263650905955,0.26006917556472975,0.8834007562543398
0.3135427314201203,0.2437161200375691,0.8945798393158219
0.3017857046257699,0.23689087976369524,0.8786946430009831
0.31828737425566805,0.23741928546231778,0.8658037456450053
0.3286022938308613,0.2239944781816901,0.8781166992681148
0.3128326862625963,0.21031647650380586,0.8780231274256504
0.309810866173599,0.21215488799692991,0.8573932882752641
0.33039667151576685,0.20909453832574135,0.8552081105424189
0.33096911102260784,0.19068840649039126,0.8651652554258364
0.31234281014616505,0.1841053521617194,0.8582299306314163
0.3021544877696002,0.18587771294251568,0.8401045143234593
0.28635735907119864,0.1925543391136519,0.852021163672602
0.27901472155075696,0.21184665133940014,0.8486195519877197
0.28360524605753984,0.2220239652639104,0.8663871936039009
0.26642655662628156,0.2312765692158313,0.8746325241928227
0.2676209736742095,0.252137585859365,0.8756673186859585
0.26276624631811535,0.26291486042085294,0.8929505884117357
0.24513070612658971,0.27136935159881276,0.8855969424392395
0.2510202279758196,0.29007271163963805,0.8929505884117357
0.2647037338797312,0.30509924869421506,0.8880077934392046
0.28115586547538346,0.31071906346810635,0.8997372991034184
0.27730290725626117,0.2946192023382024,0.9126116837813142
0.29090935399579027,0.27881656941377353,0.9144831206306022
0.304543321865456,0.267197148270106,0.9251998487057896
0.32419340878297986,0.26702101303723186,0.9181764562949323
0.34444345633748136,0.265237643804381,0.9229706371647259
0.35360799267296517,0.28282915018768806,0.9156390080963389
0.3719370653439328,0.2754589915371098,0.9225743328907591
0.37190954421379624,0.2617259475989523,0.9067716999663303
0.366845656268664,0.27373616879055934,0.8903691064049237
0.38523527542593217,0.2684245906741979,0.8819751617132644
0.3842500189670423,0.24767916277723778,0.8791349810831686
0.40507250602838485,0.2472773542772436,0.8814687729187513
0.4012085393572079,0.2539649889004345,0.9010362964458654
0.41528284530905896,0.24846076287311689,0.9155564447059291
0.4108519433570683,0.24402986092112622,0.9356083401234472
0.4208861474048683,0.23880084619517447,0.9532714014451094
0.4159873862405556,0.22490267547619752,0.968253904691468
0.42101274460349664,0.22318535695567443,0.9887406339651441
0.43215880230881476,0.2057644815792142,0.9917569498281142
0.44076190758951217,0.19427716186020233,1.0068715544991282
0.4553591150139585,0.18009277138780486,1.0023195595745367
0.45814975760980853,0.15998032948398633,0.9979106745266553
0.4729341087191836,0.15443757387447749,0.9841335967802792
0.4740734835068384,0.16815960936058028,0.9682814258216046
0.4697306491712848,0.1576685545525129,0.950717440568434
0.4628063328289192,0.16609002037430887,0.9327626552673239
0.4534381401304246,0.18102298558642152,0.9444316144452374
0.4651731500206658,0.1979209594902866,0.9390319687124388
0.4597955211919765,0.20904500029149548,0.956364776472462
0.46699504883570797,0.22800705895560464,0.9624414420066205
0.46937287447950915,0.23110593820898448,0.9832309037117992
0.4522327146304421,0.22028462983927805,0.9886305494445977
0.44193430773333087,0.22724747576383483,0.9717490882188146
0.4360668027882103,0.21451069673662188,0.9561776327875332
0.43612184504848345,0.22490817970222482,0.9379861657672485
0.4203742543843278,0.22063139607899906,0.9247815275277135
0.4138132169597652,0.22680163345562207,0.9058359815416863
0.3943722906312794,0.2305830367363893,0.8991923807267139
0.38139882988489177,0.21840218453793542,0.9100962524868301
0.3848830049601838,0.199071342729996,0.9177196055346649
0.37397913320006765,0.18130920533984204,0.9154408559593555
0.36522741381663265,0.1800487375795863,0.9344249315275739
0.351802606536005,0.16453232440857798,0.9298344070207911
0.34376643653612127,0.1492140633745531,0.917912253445621
0.3293563727966038,0.14740317301156558,0.9022582346239298
0.3148967710228404,0.13292705855972026,0.9074487197676904
0.29967758605730727,0.14560329110063272,0.9146097178292305
0.2990005662559472,0.1530064751073749,0.8949706393637613
0.3093595196393589,0.13633417447062984,0.8873032525077079
0.30527538392708925,0.13416550941586672,0.8667559767477313
0.3154857232077634,0.15245605250464314,0.8680604783162055
0.3215403718378128,0.15889599695660472,0.8489498055493587
0.33915389512522914,0.16970629687425653,0.8528082679945085
0.35174756427573184,0.1629746284428471,0.8374900069604835
0.3455277888648629,0.1605968027990459,0.8176472721320036
0.3565142240153889,0.14280714427875538,0.8190343370908875
0.3526777784743485,0.12543030271051367,0.8301969074742878
0.3592773454811023,0.1262229112584474,0.8501001887890681
0.35458774490582773,0.12292587986808416,0.8705318758024712
0.3417133602279318,0.13942204527195504,0.8708951547202741
0.33211949426231724,0.13192528942274845,0.8538870962958628
0.32903712768701937,0.11349714068328912,0.8631231875697016
0.3397703684402887,0.10083191659443128,0.8505019972890624
0.35738389172770507,0.10071632784785761,0.8391302663166241
0.3717168963028401,0.08719794872476556,0.8318977133167289
0.39225316361076207,0.08327343556728811,0.8325692288920615
0.40270018461061097,0.08465499630014484,0.8145483928786237
0.42264199550758264,0.08363121025906375,0.8206745964470282
0.4406518230689659,0.09403419745069404,0.8197608949264935
0.44655785759627764,0.10466285790944434,0.8027913660842733
0.46473281193848043,0.09466167921780824,0.8053123016047847
0.47330289186301394,0.08236523827278071,0.8197939202826574
0.4923365054654782,0.08376331168371938,0.8281658480702075
0.5038788674447632,0.0748904993276834,0.8431813766727299
0.48657358081487667,0.07516571062904928,0.8549549161451623
0.4736551623287622,0.07893610545776183,0.8389321141796408
0.46662076146585035,0.09709454712188263,0.8465224418713116
0.4585625745618574,0.10999094870388779,0.8320683443235758
0.4394794229251472,0.11837938916951983,0.8320628400975484
0.42942870619926526,0.1361910645939196,0.8286337072825294
0.42539410852124143,0.1479150660321061,0.8455867234466677
0.4054357849461878,0.14155768497055427,0.846858199658978
0.40948139107626624,0.12219381780645092,0.840099010097432
0.4217393024391025,0.11911695545718037,0.8567547980560951
0.40727419643931184,0.12774758186801438,0.8691062812613959
0.39243480306966355,0.11587496632709031,0.8603325449738516
0.40349279315854464,0.09857518392323106,0.8641249567066734
0.41106110394610634,0.10541693687518686,0.8823989871173679
0.3915651353573474,0.10920384438198137,0.8888224188912475
0.38479493734374676,0.09038489559458246,0.8827017195488703
0.4019626183229504,0.08093413950567813,0.8899948190350663
0.39970038142572284,0.08985648989595997,0.9087477171101372
0.38041907765202926,0.0817707818618304,0.9091440213841041
0.386220531884822,0.06236838511553583,0.9038709728499339
0.4012195478092625,0.06297935420456809,0.9183360788497247
0.41917433311037255,0.070949473492124,0.9110870131717473
0.42565831137055266,0.09068762802608493,0.9137510585689689
0.436754831041625,0.09509100884793902,0.8965283353294922
0.45486923889752723,0.10547748336148735,0.8979043918363215
0.46128716644537954,0.11985452174484093,0.8841273140899457
0.47676505003419667,0.13310319379259442,0.8794652346448076
0.47903279115745157,0.15202672287451238,0.8708621293641102
0.49820951463662605,0.15983171538124874,0.8684017403298993
0.4903825052257804,0.1788267994015218,0.8721721351586118
0.4850489102053097,0.1858887213945703,0.8911066726925844
0.4721910382054958,0.17134105200436986,0.8987905722267198
0.4756256752465419,0.181204625045323,0.9169380054387859
0.4784383347465012,0.1621655072168314,0.9249466543085331
0.46249809617138943,0.15320462724435835,0.9144390868223836
0.4667198375343421,0.1333068501556052,0.9095238129799892
0.4481485789181724,0.12359739544341691,0.910266883493677
0.4277279003568241,0.12699350290227188,0.9074156944115265
0.41749003994601336,0.1328995374295837,0.9245228289044296
0.39957928845312185,0.12442853357354189,0.9311499170413199
0.3882570955149295,0.12637152536118498,0.9486478515821626
0.37847608586438614,0.11039826142990929,0.9580435654107938
0.36000390331670823,0.11904540051882526,0.9624029124244294
0.35970117088520576,0.12569450555982492,0.9426262283082771
0.371177482152163,0.11203301656002261,0.931634288931724
0.37353329089185494,0.12617887745022888,0.9163600617059176
0.3916421945217299,0.12914565527895308,0.9063203534320902
0.39381636380252033,0.14923608027866234,0.900788606274636
0.4029038409736217,0.15777313484703195,0.8840447506995358
0.4209742150213054,0.16571573300445125,0.8914314220281961
0.424018052014412,0.18629603412059179,0.8892957823295968
0.4403876202196546,0.18103399403847617,0.877324090720181
0.427293066500666,0.1709722688605396,0.8644937398505037
0.4189871894254437,0.18995084020273068,0.8618131817752
0.43632550141149423,0.20168585009297185,0.8623691086039592
0.4371511353155919,0.20153723599023426,0.8414970835083708
0.45776446178789626,0.19808608627110613,0.8426309540699981
0.4553481065619039,0.17739019640839193,0.8416181764809717
0.4454074743565683,0.16567169919623273,0.8274778198167928
0.4539830585071291,0.1466601024978777,0.8291621129811519
0.4539335204728832,0.13635619137473914,0.8473700926795187
0.46550890780833215,0.12217180090234167,0.857481355891701
0.45720303073310986,0.10576920734093519,0.8675045514874464
0.47489361318490875,0.09767799508077829,0.8751884510215817
0.4636539836371262,0.08167170579333868,0.8825531054461329
0.44647529420586785,0.07576016703999958,0.8928239912131074
0.4470807590688728,0.06676075748533528,0.9117034864868069
0.4345696533087799,0.05342952204717204,0.9219358426715903
0.4244033478363243,0.06410221631414088,0.9368247740754844
0.42160169678841963,0.05784391132108076,0.9566234750957459
0.4014617337544645,0.05367170799237401,0.9527540041985416
0.3990398743024447,0.0438851941158033,0.9344689653357925
0.3819602609396782,0.041942202328160184,0.9226018540208957
0.3791861310219101,0.032243756068026555,0.9042122348636277
0.3969317557339821,0.026376251122905984,0.8946183688980129
0.40688890061739963,0.03424179011594285,0.8780286316516778
0.4224823729527904,0.031131902410508398,0.8641414693847554
0.43949593560322914,0.043109098245951515,0.8620773846245113
0.43085430074034053,0.05678159569780846,0.8488066956726485
0.44624962093874787,0.07047060582774736,0.8525440651451972
0.4580341688632349,0.05734302675259485,0.8412548975631687
0.4562948334386025,0.04827206225957543,0.8222873346730323
0.45126947507566156,0.028148611903702252,0.8191003878032154
0.4382684931991373,0.030609000937913224,0.8352057531591467
0.42689125800067185,0.04718222550616654,0.8303620342551072
0.40758793732286897,0.04280086158842173,0.8241973011045115
0.39428972724086964,0.05883467200599793,0.8233056164880861
0.3799347057616253,0.059456649547084815,0.8385688352618378
0.3607084442482049,0.06760290406751487,0.837429460474183
0.35613443241950393,0.07731786300573046,0.8554062626794023
0.33652287508417134,0.08216158190976995,0.8609765394190477
0.32893254739250033,0.08461096249192629,0.8803459108091785
0.3086604829338896,0.0852054189028766,0.8856134551173214
0.298945523995674,0.09029682797814538,0.9035021897061035
0.28941770874238726,0.07552348532082492,0.9148794249045691
0.28151364016715913,0.08862354326584082,0.9291959168016222
0.28408961794794374,0.1085543457107579,0.935085438650852
0.2788110651877462,0.1165244649983138,0.9536787141711309
0.28355570802329394,0.13234911482685194,0.966503560814781
0.2879205592629568,0.13051070333372783,0.9868802055679107
0.2944375628793009,0.14588400662802592,0.9995344212047139
0.304317648598336,0.1440015613266833,1.0177424009030804
0.3021269666394636,0.12338823485437886,1.0207917421222146
0.2843868461534189,0.114465884464097,1.026829878074182
0.2670100045851772,0.10997443602580584,1.0158874767318746
0.2691016104755579,0.1116201996079738,0.9949879305061496
0.25879219512639207,0.12287083760781099,0.9806384132529326
0.2502386278799405,0.11428974923122284,0.9636578759586577
0.24626457668821716,0.12819342417622712,0.9485102459314798
0.22673007851726695,0.13498013486790972,0.9454113666780999
0.22193039342144602,0.13224453453233287,0.9252108571578443
0.21366304592841495,0.14938469438139992,0.9162719940894806
0.20351325313404126,0.14581245168967077,0.898328217240425
0.19755768057248366,0.16097109016890349,0.8850685367406169
0.1770489343946982,0.1627269382716178,0.8814467560146418
0.17009159269616878,0.1623856762579241,0.901184910548603
0.18075327851108297,0.1801698305521873,0.9024839078910498
0.17249143524407926,0.18778217514796755,0.8848428634734969
0.16552858931952247,0.20695889862714212,0.8904406613432789
0.1461867390595284,0.214356578407857,0.8875014046446914
0.1462858151280201,0.23056652405830735,0.8741976903366647
0.12678984653926112,0.234876333037697,0.880615617884517
0.12445055047765115,0.2552089439826083,0.8847437874050053
0.14382542609380913,0.26025631924965853,0.878656113418792
0.15382660478544521,0.2685126582906349,0.8621819649190302
0.16976684336055703,0.2551539017223351,0.859594978686191
0.18548140866854881,0.2615663250441601,0.8472985377411636
0.1979870102026144,0.24777273461970217,0.8376771506454123
0.21060820048325368,0.26236443781812113,0.8295253918989549
0.22144051730501474,0.2777872791466651,0.8384917760974554
0.23650558394178306,0.29180103861221574,0.8345122206797047
0.25655747935930107,0.2897975003382721,0.8402696411042788
0.2578344597976388,0.30815409413937633,0.850182752179478
0.24773970926353828,0.3014719637422128,0.8672238359600534
0.25885824583871986,0.2839465080712335,0.8648239934121428
0.24619302174986205,0.26879337381802815,0.8580317784944328
0.25459797489357605,0.25271552959223337,0.847755388501431
0.27202435449606355,0.24150892540061475,0.8504414508027619
0.29256062180398557,0.24118968029103033,0.8464013488987107
0.29614387294776934,0.22568427557207663,0.8327783894810996
0.31308037643382564,0.21513267427770877,0.826266890090783
0.3175663206460895,0.2164591927502923,0.8057911692691615
0.33197088015957965,0.21040454412024293,0.7916618210570371
0.3436453435635203,0.22763827581177437,0.7942102777076852
0.34179041939231425,0.22866756607888275,0.8148511253101262
0.3235659270158656,0.2353056626678278,0.8224799825839884
0.31053191978317757,0.2515486336744421,0.822716664303163
0.2937330219478042,0.25945820647569745,0.8322995218167231
0.2754369746330005,0.25517591862644434,0.8230524220908295
0.25560524825657516,0.25983249384555507,0.8275658874332299
0.24082640137322736,0.24593982735260544,0.8325637246660342
0.23159031009938844,0.2507450166744537,0.8143557449676676
